Workbook

Sheet Summary
B1: Farmer delivery | C1: 20
B2: Farmer Rate | C2: 3.6 | D2: /lb | F2: Total
B3: Hog weight | C3: 173 | D3: lbs | F3: =(C2*C3)+C1 -> 642.8 | G3: <<= farmer
B4: Butchering Charge | C4: 30 | F4: 272.49 | G4: <<= butcher
B5: Offal Disposal | C5: 10 | F5: =sum(F3:F4) -> 915.29
B6: Hanging Processing | C6: =0.68*C3 -> 117.64
B8: Measured Totals | C8: $ | D8: lbs
B9: curring smoking | C9: ='Quarter Share (Deb)'!C6+'Quarter Share (Jon)'!C6+'Half Share (Matt)'!C6 -> 55.224 | D9: ='Quarter Share (Deb)'!D6+'Quarter Share (Jon)'!D6+'Half Share (Matt)'!D6 -> 46.02
B10: sausage | C10: ='Quarter Share (Deb)'!C10+'Quarter Share (Jon)'!C10+'Half Share (Matt)'!C10 -> 8.8725 | D10: ='Quarter Share (Deb)'!D10+'Quarter Share (Jon)'!D10+'Half Share (Matt)'!D10 -> 13.65
B11: measured weight | D11: ='Quarter Share (Deb)'!D23+'Quarter Share (Jon)'!D23+'Half Share (Matt)'!D23 -> 173 | F11: Delta Calc to real
B12: Ring Bologna | C12: ='Quarter Share (Deb)'!C20+'Quarter Share (Jon)'!C20+'Half Share (Matt)'!C20 -> 18.34 | F12: =F5-C15 -> 0.2935
B13: Braunsweiger | C13: ='Quarter Share (Deb)'!C21+'Quarter Share (Jon)'!C21+'Half Share (Matt)'!C21 -> 20.92 | F13: =C3-D11 -> 0
B15: Total Calculated$ | C15: ='Quarter Share (Deb)'!C24+'Quarter Share (Jon)'!C24+'Half Share (Matt)'!C24 -> 914.9965

Sheet Quarter Share (Deb)
A1: Quarter Hog (Deb) | C1: Processing $ | D1: Weight
B2: Farmer Delivery | C2: =Summary!C1/4 -> 5
B3: Farmer Fee | C3: =D23*Summary!C2 -> 138.015
B4: Butchering Charge | C4: =Summary!C4/4 -> 7.5
B5: Offal Disposal | C5: =Summary!C5/4 -> 2.5
B6: Curing and Smoking | C6: =1.2*D6 -> 13.32 | D6: =D12+D13+D16 -> 11.1 | E6: <==total curing weight
B7: Hanging Processing | C7: =Summary!C6/4 -> 29.41
B9: Ground Pork | D9: 3.12 | E9: 3 packs
B10: Sausage | C10: =0.65*D10 -> 2.171 | D10: 3.34 | E10: 3 packs
B11: Short ribs | D11: 2.12 | E11: 1 pack
B12: Smoked Hocks | D12: 1.59 | E12: 1 pack
B13: Ham Roast | D13: 5.21 | E13: 2 packs
B14: Shoulder | D14: 3.9 | E14: 1 pack
B15: Chops | D15: 6 | E15: 5 packs of 2
B16: Bacon | D16: 4.3 | E16: 4 packs
B18: Split of trimming weight | D18: =12.91/4 -> 3.2275 | E18: <=== difference between scale measuring your actual cuts and total hanging
B20: Ring Bologna | C20: =2*D20 -> 5.14 | D20: 2.57 | E20: 2 packs
B21: Braunsweiger | C21: =2*D21 -> 5.92 | D21: =1.51+1.45 -> 2.96 | E21: 4 packs
B23: Total weight(lbs) | D23: =sum(D8:D21) -> 38.3375
B24: TOTAL: | C24: =sum(C2:C21) -> 208.976

Sheet Quarter Share (Jon)
A1: Quarter Hog (Jon) | C1: Processing $ | D1: Weight
B2: Farmer Delivery | C2: =Summary!C1/4 -> 5
B3: Farmer Fee | C3: =D23*Summary!C2 -> 138.267
B4: Butchering Charge | C4: =Summary!C4/4 -> 7.5
B5: Offal Disposal | C5: =Summary!C5/4 -> 2.5
B6: Curing and Smoking | C6: =1.2*D6 -> 14.46 | D6: =D12+D13+D16 -> 12.05 | E6: <==total curing weight
B7: Hanging Processing | C7: =Summary!C6/4 -> 29.41
B9: Ground Pork | D9: 3.12 | E9: 3 packs
B10: Sausage | C10: =0.65*D10 -> 2.2945 | D10: 3.53 | E10: 3 packs
B11: Short ribs | D11: 1.99 | E11: 1 pack
B12: Smoked Hocks | D12: 3.23 | E12: 1 pack
B13: Ham Roast | D13: 4.46 | E13: 2 packs
B14: Shoulder | D14: 4.31 | E14: 1 pack
B15: Chops | D15: 6.07 | E15: 5 packs of 2
B16: Bacon | D16: 4.36 | E16: 4 packs
B18: Split of trimming weight | D18: =12.91/4 -> 3.2275 | E18: <=== difference between scale measuring your actual cuts and total hanging
B20: Ring Bologna | C20: =2*D20 -> 5.14 | D20: 2.57 | E20: 2 packs
B21: Braunsweiger | C21: =2*D21 -> 3.08 | D21: 1.54 | E21: 2 packs
B23: Total weight(lbs) | D23: =sum(D8:D21) -> 38.4075
B24: TOTAL: | C24: =sum(C2:C21) -> 207.6515

Sheet Half Share (Matt)
A1: Half Hog | C1: Processing $ | D1: Weight
B2: Farmer Delivery | C2: =Summary!C1/2 -> 10
B3: Farmer Fee | C3: =D23*Summary!C2 -> 346.518
B4: Butchering Charge | C4: =Summary!C4/2 -> 15
B5: Offal Disposal | C5: =Summary!C5/2 -> 5
B6: Curing and Smoking | C6: =1.2*D6 -> 27.444 | D6: =D12+D13+D16 -> 22.87 | E6: <==total curing weight
B7: Hanging Processing | C7: =Summary!C6/2 -> 58.82
B9: Ground Pork | D9: 7.19 | E9: 7 packs
B10: Sausage | C10: =0.65*D10 -> 4.407 | D10: =5.69+1.09 -> 6.78 | E10: 6 packs
B11: Short ribs
B12: Smoked Hocks | D12: 4.47 | E12: 2 packs
B13: Ham Roast | D13: 11.29 | E13: 4 packs
B14: Shoulder | D14: 16.36 | E14: 4 packs
B15: Chops | D15: 12.61 | E15: 10 packs plus 1
B16: Bacon | D16: 7.11 | E16: 7 packs | F16: 6?
B17: Lard | C17: =0.8*D17 -> 11.2 | D17: 14
B18: Split of trimming weight | D18: =12.91/2 -> 6.455 | E18: <=== difference between scale measuring your actual cuts and total hanging
B20: Ring Bologna | C20: =2*D20 -> 8.06 | D20: 4.03 | E20: 3 packs
B21: Braunsweiger | C21: =2*D21 -> 11.92 | D21: =5.54-0.31+0.73 -> 5.96 | E21: 8 packs
B23: Total weight(lbs) | D23: =sum(D7:D21) -> 96.255
B24: TOTAL: | C24: =sum(C2:C21) -> 498.369
